Initial Region URL	Crag URL
https://www.thecrag.com/en/climbing/spain/oviedo-area	https://www.thecrag.com/en/climbing/spain/oviedo-area/area/6959466765
https://www.thecrag.com/en/climbing/spain/oviedo-area	https://www.thecrag.com/en/climbing/spain/oviedo-area/area/6959290176
https://www.thecrag.com/en/climbing/spain/oviedo-area	https://www.thecrag.com/en/climbing/spain/oviedo-area/area/6959307246
https://www.thecrag.com/en/climbing/spain/oviedo-area	https://www.thecrag.com/en/climbing/spain/oviedo-area/area/6959390637
https://www.thecrag.com/en/climbing/spain/oviedo-area	https://www.thecrag.com/en/climbing/spain/oviedo-area/area/6959469666
https://www.thecrag.com/en/climbing/spain/oviedo-area	https://www.thecrag.com/en/climbing/spain/pico-torres
https://www.thecrag.com/en/climbing/spain/oviedo-area	https://www.thecrag.com/en/climbing/spain/oviedo-area/boveda-de-fresnedo
https://www.thecrag.com/en/climbing/spain/oviedo-area	https://www.thecrag.com/en/climbing/spain/oviedo-area/teverga
https://www.thecrag.com/en/climbing/spain/oviedo-area	https://www.thecrag.com/en/climbing/spain/oviedo-area/quiros
https://www.thecrag.com/en/climbing/spain/oviedo-area	https://www.thecrag.com/en/climbing/spain/oviedo-area/area/2713627026
https://www.thecrag.com/en/climbing/spain/oviedo-area	https://www.thecrag.com/en/climbing/spain/oviedo-area/area/2713627086
https://www.thecrag.com/en/climbing/spain/oviedo-area	https://www.thecrag.com/en/climbing/spain/oviedo-area/area/2713627146
https://www.thecrag.com/en/climbing/spain/oviedo-area	https://www.thecrag.com/en/climbing/spain/oviedo-area/area/2713627206
https://www.thecrag.com/en/climbing/spain/oviedo-area	https://www.thecrag.com/en/climbing/spain/oviedo-area/area/2713627266
https://www.thecrag.com/en/climbing/spain/oviedo-area	https://www.thecrag.com/en/climbing/spain/oviedo-area/area/8353956156
https://www.thecrag.com/en/climbing/spain/oviedo-area	https://www.thecrag.com/en/climbing/spain/oviedo-area/area/2713636275
https://www.thecrag.com/en/climbing/spain/oviedo-area	https://www.thecrag.com/en/climbing/spain/oviedo-area/area/9812442972
https://www.thecrag.com/en/climbing/spain/oviedo-area	https://www.thecrag.com/en/climbing/spain/oviedo-area/area/2713636335
https://www.thecrag.com/en/climbing/spain/oviedo-area	https://www.thecrag.com/en/climbing/spain/oviedo-area/area/2713636395
https://www.thecrag.com/en/climbing/spain/oviedo-area	https://www.thecrag.com/en/climbing/spain/oviedo-area/area/6959475663
https://www.thecrag.com/en/climbing/spain/oviedo-area	https://www.thecrag.com/en/climbing/spain/oviedo-area/area/8245550370
https://www.thecrag.com/en/climbing/spain/oviedo-area	https://www.thecrag.com/en/climbing/spain/oviedo-area/area/722465283
https://www.thecrag.com/en/climbing/spain/oviedo-area	https://www.thecrag.com/en/climbing/spain/naranjo-de-bulnes
https://www.thecrag.com/en/climbing/spain/oviedo-area	https://www.thecrag.com/en/climbing/spain/oviedo-area/area/2460430251
https://www.thecrag.com/en/climbing/spain/oviedo-area	https://www.thecrag.com/en/climbing/spain/oviedo-area/area/2700720006
https://www.thecrag.com/en/climbing/spain/oviedo-area	https://www.thecrag.com/en/climbing/spain/oviedo-area/area/2460402720
https://www.thecrag.com/en/climbing/spain/oviedo-area	https://www.thecrag.com/en/climbing/spain/valle-de-valdeon
https://www.thecrag.com/en/climbing/spain/oviedo-area	https://www.thecrag.com/en/climbing/spain/oviedo-area/area/6209661510
https://www.thecrag.com/en/climbing/spain/oviedo-area	https://www.thecrag.com/en/climbing/spain/oviedo-area/area/6895263087
https://www.thecrag.com/en/climbing/spain/oviedo-area	https://www.thecrag.com/en/climbing/spain/oviedo-area/area/6905144868
